Variety ,Photo,Cond,Ci,Trmmol,VpdL,CTleaf,Tair,Tleaf,TBlk,CO2R,CO2S,H2OR,H2OS,RH_R,RH_S,Flow,PARi,PARo,Press,CsMch,HsMch,fda,Trans,Tair_K,Twall_K,R(W/m2),Tl-Ta,SVTleaf,h2o_i,h20diff,CTair,SVTair,CndTotal,vp_kPa,VpdA,CndCO2,Ci_Pa,Ci/Ca,RHsfc,C2sfc,AHs/Cs,zscore
2025杨FL1,19.62587425,0.596764533,289.2545965,9.973042281,1.900219109,37.63002777,39.25987752,37.63002777,39.3309199,389.504008,361.6089579,35.04480743,46.46311315,48.95393244,64.90410868,499.7061971,1500.41036,1431.209554,99.53571574,21.60496902,0.228505492,0.832843662,0.009973042,310.7800278,312.4098775,240.0656522,-2.077419784,6.524958331,65.55393994,19.09082679,38.44495265,6.81949383,0.493141274,4.624739223,2.194754607,0.316103556,28.79116329,0.799909934,74.50667046,352.2797572,0.041508446,0.682829028
2025杨FL2,20.00596984,0.550571664,284.1399798,9.458565211,1.928046899,37.55060959,39.18648783,37.55060959,39.25758108,390.4268188,362.2895508,35.06417338,45.90040716,49.17530696,64.37244924,499.6798299,1500.3337,1345.043172,99.53739929,21.60496902,0.228505492,0.832799717,0.009458565,310.7006096,312.3364878,240.0533866,-1.812983092,6.496854056,65.27048227,19.37007511,38.36854871,6.791398006,0.461166987,4.568807157,2.222590849,0.295118259,28.28255464,0.784289758,73.67927727,352.7796709,0.041783186,0.504952193
2025杨FL3,20.04197919,0.5297669,295.5054267,7.247427548,1.554685321,33.4196256,34.75889969,33.4196256,34.82908249,401.5267537,374.2050069,27.72753906,36.1155599,49.83541234,64.91141764,499.6899312,1499.051229,204.5972697,100.1720327,25.79377937,0.296031803,0.832816552,0.007247428,306.5696256,307.9088997,239.8481913,-0.737969122,5.172454364,51.63571335,15.52015345,34.08926264,5.369671044,0.446480867,3.617769043,1.751902001,0.2855027,29.60137922,0.789688586,73.50583963,364.6780099,0.040397348,0.727614212
2025杨FL4,22.15082284,0.481582356,279.9273825,6.902123163,1.605846531,33.43200429,34.73425802,33.43200429,34.79145813,402.4677531,372.7801514,27.6482563,35.64073435,49.76076762,64.14546967,499.6792399,1500.272217,1300.623088,100.1717733,25.79377937,0.296031803,0.832798733,0.006902123,306.5820043,307.884258,240.0435493,-0.562796158,5.176042094,51.67166283,16.03092847,34.08313115,5.367836002,0.411757652,3.570195563,1.797640439,0.262826425,28.04082233,0.750918186,72.26254515,362.2507111,0.044186901,0.365660639
68FL1,16.87018055,0.460538419,287.6601577,9.073742393,2.150507732,38.0926679,39.58665212,38.0926679,39.65081533,390.3955078,366.1454163,35.21513875,45.61514282,48.33644231,62.6115303,499.6060994,1499.911255,1536.499105,99.53439331,21.60496902,0.228505492,0.832676832,0.009073742,311.2426679,312.7366521,239.9857954,-1.635432696,6.6907833,67.22081762,21.60567479,38.83966001,6.96625035,0.396277062,4.540275568,2.425974782,0.252742722,28.63207929,0.785644577,70.68984063,358.1261404,0.033299715,-0.092208661
68FL2,17.2091617,0.387624671,274.1362002,8.294520676,2.284418019,38.2265536,39.67314529,38.2265536,39.74989319,390.0203552,365.7069499,35.24288686,44.75955836,48.1500206,61.15201823,499.5398661,1499.136719,1572.934204,99.53250885,21.60496902,0.228505492,0.832566444,0.008294521,311.3765536,312.8231453,239.8618696,-1.243943202,6.739449155,67.71103465,22.95147629,38.94984945,7.007705854,0.341071876,4.455031137,2.552674717,0.216914739,27.28546375,0.749606222,68.39737867,357.5265386,0.032922343,-0.096632986
68FL3,16.4010402,0.300197386,271.2686679,6.18687793,2.179609711,34.90550868,35.8183314,34.90550868,35.82862218,400.7906901,378.2836711,27.15799014,34.33285777,46.03716405,58.1997261,499.6157328,1499.475057,697.2036336,100.1743876,26.17510986,0.269793123,0.832692888,0.006186878,308.0555087,308.9683314,239.9160038,-0.249748374,5.618882729,56.0910115,21.75815374,35.36192004,5.762566382,0.271496695,3.439273018,2.323293364,0.172049963,27.17417302,0.717103871,63.25616613,370.487402,0.028002719,-1.11474766
68FL4,17.21606327,0.391715716,286.9657055,7.344474494,2.03978123,34.80470022,35.704717,34.80470022,35.70692698,400.7221375,376.7234294,26.90903282,35.41707484,45.90022659,60.41286341,499.5993551,1498.476563,1443.870443,100.1717122,26.17510986,0.269793123,0.832665592,0.007344474,307.9547002,308.854717,239.7562446,-0.850249694,5.587570262,55.77992167,20.36284683,35.25470861,5.728531174,0.34423519,3.547789032,2.180742142,0.218962224,28.74584611,0.761741075,66.38639841,368.5397374,0.031011928,-1.346583638
81FL1,15.45106672,0.541902358,306.9996704,8.619864131,1.78814115,36.15179189,37.51211675,36.15179189,37.5774409,392.4828593,370.0982056,32.59706752,42.5079155,50.04037476,65.25470225,499.6618144,1499.190877,1331.389079,99.52590434,22.57319069,0.181974769,0.832769691,0.008619864,309.3017919,310.6621168,239.870535,-1.432314676,6.01877988,60.4745058,17.96659031,36.83195432,6.24727771,0.455069395,4.23063873,2.01663898,0.291124148,30.55441981,0.829508712,73.69673524,362.7535084,0.031390251,0.492981331
81FL2,19.33528099,0.510691923,287.6428349,8.10673497,1.768471965,36.05690384,37.44422404,36.05690384,37.50930278,393.9402669,367.1445719,33.06641134,42.38968786,50.95040639,65.31618754,499.5942383,1499.32605,1100.522013,99.52927653,22.57319069,0.181974769,0.832657064,0.008106735,309.2069038,310.594224,239.8921626,-1.1644151,5.987486927,60.15804731,17.76835946,36.75056394,6.219544161,0.43285424,4.219014962,2.000529199,0.27659401,28.62888322,0.783459312,73.61256395,357.9535054,0.039762688,0.234572524
81FL3,16.85785322,0.452114251,298.6139484,6.241280491,1.53909633,32.00492732,33.11412811,32.00492732,33.08364105,397.908905,374.8571472,25.06079992,32.3129921,49.37952169,63.66916275,499.6783854,1498.901449,1295.416748,100.1862895,25.79377937,0.296031803,0.832797309,0.00624128,305.1549273,306.2641281,239.8242264,-0.255298811,4.77641511,47.67533697,15.36234487,32.55952772,4.928408959,0.390023825,3.23731878,1.691090179,0.248674133,29.91702348,0.796607248,71.04433542,366.8437312,0.032647532,1.092177421
81FL4,16.41040765,0.418314836,295.5318302,6.064580683,1.599646946,32.15067418,33.1970342,32.15067418,33.15340042,397.4110209,374.9736532,25.05364799,32.10254796,49.13741938,62.96234258,499.6432495,1499.629395,1340.120361,100.188647,25.79377937,0.296031803,0.832738749,0.006064581,305.3006742,306.3470342,239.9406978,-0.171379337,4.815957792,48.06889741,15.96634945,32.67385419,4.960259284,0.364609725,3.216310846,1.743948438,0.232165755,29.60893422,0.788140262,69.83978351,367.1729313,0.031214153,1.050377308
895FL1,20.10144473,0.539821866,287.8533812,9.292037136,1.933952377,36.3538208,37.68077723,36.3538208,37.77374268,395.8707174,367.6255391,31.02217484,41.71664429,47.18865331,63.45629374,499.5706075,1499.733968,1335.802246,99.52688853,22.57319069,0.181974769,0.832617679,0.009292037,309.5038208,310.8307772,239.9574295,-1.781154004,6.085880185,61.14810053,19.43145624,37.01729902,6.310834394,0.453601639,4.151927808,2.158906586,0.290163082,28.64915141,0.783007047,71.84997393,358.070275,0.040335322,0.458236424
895FL2,18.95855479,0.523958614,289.3239107,8.636726921,1.843444052,36.19762039,37.49340439,36.19762039,37.56223551,392.9375509,366.3758647,32.17073822,42.10378138,49.43717702,64.70140839,499.7313029,1499.436361,1369.453654,99.52788544,22.57319069,0.181974769,0.832885505,0.008636727,309.3476204,310.6434044,239.9098123,-1.450070676,6.033944381,60.62566641,18.52188503,36.84551239,6.251908002,0.442348145,4.190500329,2.061407673,0.282799504,28.79579703,0.7896915,72.810743,357.3638757,0.038626906,-1.338046013
895FL3,20.11251239,0.5304095,289.2488807,6.925763014,1.489236568,32.16269938,33.10740789,32.16269938,33.08915329,394.7926127,367.5800476,25.19922256,33.24056371,49.66724269,65.51658885,499.5843201,1499.909465,759.8827108,100.1787008,25.79377937,0.296031803,0.832640533,0.006925763,305.3126994,306.2574079,239.985509,-0.631080669,4.819233053,48.10636409,14.86580038,32.63505363,4.94942978,0.446937287,3.329996485,1.619433294,0.285801308,28.97657707,0.78690038,72.85716779,358.0195225,0.040929066,0.873606217
895FL4,15.02342184,0.410095341,300.5026494,5.834605076,1.566446776,31.93497022,32.97491455,31.93497022,32.98854192,395.6718445,375.0034383,25.0694809,31.85281436,49.78242874,63.25262197,499.6442973,1499.622843,1196.950643,100.1823196,25.79377937,0.296031803,0.832740495,0.005834605,305.0849702,306.1249146,239.9396496,-0.053692123,4.757535605,47.48877468,15.63596033,32.45494239,4.899428464,0.358349717,3.191088829,1.708339635,0.22810603,30.10505247,0.80133305,70.04042131,367.8620231,0.028604388,-0.903576526
DD102-4FL1,13.80937655,0.412377587,293.3080167,9.618601917,2.499187573,39.49313863,41.05100632,39.49313863,41.13394928,388.2356059,367.4115906,36.38284556,47.38456726,46.18623988,60.15238825,499.7123515,1499.6427,1380.35083,99.52729797,21.60496902,0.228505492,0.832853919,0.009618602,312.6431386,314.2010063,239.9428267,-1.898500402,7.215245523,72.49514124,25.11057398,40.27207247,7.522092198,0.36009075,4.716057951,2.806034247,0.229234883,29.19215444,0.798309116,67.82565695,360.8472743,0.025956398,-0.228639914
DD102-4FL2,14.14051192,0.405740454,289.399913,9.222013661,2.431566605,39.28987503,41.13698196,39.28987503,41.24396261,386.3734131,365.3485514,36.72787603,47.27769343,46.41217677,59.74373881,499.6873067,1499.144531,431.8898315,99.52718099,21.60496902,0.228505492,0.832812178,0.009222014,312.439875,314.286982,239.8631196,-1.652539293,7.136982158,71.70887477,24.43118134,40.2134285,7.498603242,0.3550174,4.705415553,2.793187689,0.225946261,28.80315754,0.792120112,68.30318475,358.6268293,0.026931697,-0.478448598
DD102-4FL3,16.62202382,0.37618566,286.0322584,7.232521507,2.080819085,34.99291484,35.70456441,34.99291484,35.64849599,399.3160706,376.0891317,27.21490733,35.59096018,46.42404302,60.71217473,499.646464,1500.521118,172.0257721,100.1753387,26.17510986,0.269793123,0.832744107,0.007232522,308.1429148,308.8545644,240.0833735,-0.816240294,5.646155576,56.36273006,20.77176987,35.34873962,5.758372693,0.332183556,3.565336491,2.193036202,0.211165312,28.65337836,0.760543813,65.88853585,368.1878176,0.029745692,-0.968087735
DD102-4FL4,15.09835626,0.332133067,286.5980599,6.383944686,2.052957528,34.76789347,35.58804194,34.76789347,35.54338201,398.8872375,377.8599854,27.77487628,35.17128627,47.68347931,60.38152186,499.654246,1499.502808,152.4618785,100.1731339,26.17510986,0.269793123,0.832757077,0.006383945,307.9178935,308.7380419,239.9204439,-0.365230392,5.576175493,55.66537932,20.49409305,35.17796771,5.704276508,0.297356319,3.523217965,2.181058542,0.188687755,28.7094258,0.758476903,65.46987579,370.6829499,0.026666615,-0.96249393
FLEVOFL1,20.22007509,0.514230097,283.111128,7.505960851,1.62849949,35.73725891,37.08826701,35.73725891,37.12227885,392.0858968,364.5150553,34.11676534,42.74625397,53.59954325,67.15700277,499.5736694,1499.578084,1247.92981,99.53175863,22.57319069,0.181974769,0.832622782,0.007505961,308.8872589,310.238267,239.9324881,-0.86138253,5.883109322,59.10786068,16.36160671,36.41276296,6.105578782,0.435393491,4.254609832,1.850968949,0.278253148,28.17854846,0.776678847,75.30510639,354.9034,0.042903925,0.205620947
FLEVOFL2,22.09509414,0.552929063,279.737812,7.763450107,1.5840714,35.73964437,37.11626816,35.73964437,37.13650894,392.6694743,362.7530823,34.28222402,43.20268631,53.77443949,67.76690674,499.6185913,1499.468424,1454.418945,99.526474,22.57319069,0.181974769,0.832697652,0.00776345,308.8896444,310.2662682,239.9149426,-0.990251284,5.883882437,59.11876709,15.91608078,36.42795626,6.110665396,0.462820135,4.299811037,1.810854359,0.29620152,27.84131808,0.77115216,76.25008319,352.2501327,0.047828319,0.26522639
FLEVOFL3,22.94493837,0.581689317,282.1382001,7.590774113,1.509537418,32.55744171,33.73549271,32.55744171,33.71914037,395.12618,364.2509969,25.31493823,34.119723,48.17352295,64.92874654,499.6223348,1499.355225,1180.019328,100.1852239,25.79377937,0.296031803,0.832703891,0.007590774,305.7074417,306.8854927,239.8968306,-0.941019079,4.927829506,49.18718864,15.06746564,33.14646721,5.093833587,0.482801544,3.418292088,1.675541499,0.309309764,28.26607874,0.774570832,73.46961712,353.3440721,0.047708621,-0.925598457
FLEVOFL4,21.63960371,0.499696196,274.7116552,7.15525524,1.616432568,32.80207189,33.91215769,32.80207189,33.87533696,391.949117,362.8442485,25.43312391,33.73599625,47.92197545,63.56653341,499.6245728,1499.764119,1311.390625,100.1826045,25.79377937,0.296031803,0.832707621,0.007155255,305.9520719,307.0621577,239.9622538,-0.724370992,4.996192539,49.87085897,16.13486273,33.35711479,5.154369885,0.424928998,3.379759971,1.774609913,0.271418452,27.52132913,0.757106365,71.28718695,352.5578172,0.043755308,-0.141585207
I-214FL1,13.51966191,0.259803853,262.6992577,6.871253188,2.702975464,39.54913203,41.0138677,39.54913203,41.08698527,386.1065369,366.8498433,37.68594996,45.55916214,47.93033981,57.94377391,499.7860819,1499.93221,355.1997477,99.51806641,22.17074585,0.244342014,0.832976803,0.006871253,312.699132,314.1638677,239.9891483,-0.505990358,7.236935186,72.71981307,27.16065093,40.28149986,7.525874161,0.238027652,4.533959722,2.991914438,0.150581604,26.14332216,0.716094908,63.629692,360.4232436,0.023867914,-0.373411633
I-214FL2,19.16697317,0.398332593,261.3813036,8.799884052,2.357352289,39.23641713,40.93120829,39.23641713,41.02016576,386.7432454,359.9233297,37.76092784,47.82283529,48.23610306,61.08926264,499.6493327,1500.614746,387.0760193,99.51667277,22.17074585,0.244342014,0.832748888,0.008799884,312.3864171,314.0812083,240.098354,-1.457560816,7.116521737,71.51084878,23.68801349,40.08381271,7.446913005,0.349332012,4.759169448,2.687743556,0.222262813,26.01179764,0.726213958,69.10602981,350.8122686,0.03775673,-0.500272694
I-214FL3,17.73255582,0.415364134,284.3276711,7.483663357,1.97037602,35.31668981,35.99893316,35.31668981,35.90005493,396.4703878,371.8323873,29.06544876,37.71408335,48.78124364,63.2964592,499.5995687,1500.017131,60.62766012,100.1697489,26.17510986,0.269793123,0.832665948,0.007483663,308.4666898,309.1489332,240.0027355,-0.950174595,5.748186283,57.38445333,19.67036997,35.65781148,5.85741301,0.362365287,3.777810263,2.079602746,0.230709963,28.48103146,0.764666252,68.60250066,363.4031795,0.033475129,-2.076711598
I-214FL4,19.22595501,0.507457879,289.565709,8.425111277,1.865893504,35.3412323,36.13642375,35.3412323,36.03020604,396.3819478,369.5547689,29.10993258,38.8346138,48.48865636,64.68713888,499.6312459,1499.644613,129.9025116,100.1707331,26.17510986,0.269793123,0.832718743,0.008425111,308.4912323,309.2864237,239.9431327,-1.418808291,5.755985238,57.46174614,18.62713234,35.73882802,5.883617819,0.430528274,3.890091735,1.993526084,0.275074638,29.00600936,0.78355292,71.1063865,360.4156707,0.037930873,-1.124422841
I-45-511,17.30707601,0.521038638,287.3439617,10.61799946,2.255633763,39.26138687,41.07603709,39.26138687,41.18791835,386.4544169,361.0715332,36.8119367,48.93657939,46.66813914,62.03909047,499.7288513,1498.955607,443.8259176,99.52552032,21.60496902,0.228505492,0.832881419,0.010617999,312.4113869,314.2260371,239.8328918,-2.372865113,7.12607229,71.60045249,22.66387311,40.16871198,7.480735459,0.440264677,4.870438527,2.610296932,0.281437191,28.59805731,0.795808991,71.53836056,352.8445782,0.035089693,-0.379141
I-45-512,19.76153166,0.435789122,263.3438925,9.548587756,2.365169345,39.26280212,41.06243515,39.26280212,41.16877619,385.5834147,357.7528381,36.92405319,47.84103902,46.84443792,60.69448853,499.6855977,1499.30835,1400.86381,99.5263621,21.60496902,0.228505492,0.83280933,0.009548588,312.4128021,314.2124352,239.8893306,-1.826960431,7.126613926,71.60528905,23.76425003,40.16261864,7.478303545,0.377812377,4.761444581,2.716858964,0.240736628,26.20965969,0.736105809,69.39961776,348.3591524,0.039368639,-0.069163266
I-45-51FL3,20.13093116,0.443155302,278.4799176,7.632223899,1.901930175,34.83505122,35.61089071,34.83505122,35.54468536,398.5959269,371.0235799,28.06118902,36.88750458,48.11325582,63.24670919,499.6890157,1499.12439,129.5427907,100.1708221,26.17510986,0.269793123,0.832815026,0.007632224,307.9850512,308.7608907,239.859897,-1.015663652,5.596981842,55.8743726,18.98686803,35.22297096,5.718489397,0.383335465,3.695051667,2.02343773,0.244325586,27.89556237,0.750572168,69.17560386,361.4542994,0.03852683,-1.096765064
I-45-51FL4,19.28915307,0.434768864,280.9402724,7.604861667,1.925677886,35.03427505,35.72612254,35.03427505,35.64437866,398.1168416,371.5599264,28.47860273,37.27064641,48.51974233,63.49897639,499.6396891,1499.743245,154.7197571,100.1706034,26.17510986,0.269793123,0.832732815,0.007604862,308.1842751,308.8761225,239.9589139,-1.012363227,5.659101029,56.49462852,19.2239821,35.3801988,5.768386632,0.377047073,3.733423143,2.034963489,0.240239352,28.14195663,0.756110268,69.03808955,362.3907868,0.036747247,-1.265541004
I-63FL1,18.74705643,0.616661043,300.3561012,8.262819443,1.539272886,35.83138021,37.163119,35.83138021,37.18268967,392.6690063,366.5192668,34.46548971,43.95199839,53.92419561,68.7666448,499.6349284,1500.51591,254.1792704,99.52688599,22.57319069,0.181974769,0.832724881,0.008262819,308.9813802,310.313119,240.0825402,-1.251697901,5.913678416,59.41789856,15.46590017,36.4972496,6.133910966,0.506649055,4.374405531,1.759505435,0.324989988,29.89350742,0.819482454,77.4489221,357.607814,0.040601447,0.688204429
I-63FL2,17.45385468,0.698003354,310.9168977,8.68127081,1.462035776,35.77507909,37.20213826,35.77507909,37.23549398,392.3122864,367.5165507,34.58257675,44.54509099,53.99128469,69.54503632,499.546346,1498.987061,879.7209676,99.52478027,22.57319069,0.181974769,0.832577243,0.008681271,308.9250791,310.3521383,239.8379243,-1.455788441,5.895376173,59.23525937,14.69016837,36.48860868,6.131008043,0.560294915,4.433340397,1.697667645,0.360405513,30.94393595,0.845994289,79.0034213,359.2198241,0.038386377,0.097514716
I-63FL3,17.63732265,0.545129744,303.4739056,7.617025264,1.597851514,32.95671463,34.17401632,32.95671463,34.17127228,397.1252747,372.549408,25.52985001,34.35831833,47.40519842,63.7983729,499.881663,1500.338175,1151.031331,100.1789754,25.79377937,0.296031803,0.833136105,0.007617025,306.1067146,307.3240163,240.0541027,-0.945787516,5.039832644,50.30828697,15.94996864,33.56536547,5.214831601,0.457342719,3.441981129,1.772850472,0.292612976,30.40170496,0.814587141,72.22528762,364.1654695,0.034980204,0.234155384
I-63FL4,19.42043735,0.479913563,286.3909539,7.122739839,1.664714526,33.03722763,34.26515961,33.03722763,34.2922554,395.9064026,369.4224752,25.65467898,33.91886775,47.39597193,62.66372299,499.5876058,1500.669067,1243.282308,100.1793416,25.79377937,0.296031803,0.83264601,0.00712274,306.1872276,307.4151596,240.1070454,-0.687988131,5.062684364,50.53621118,16.61734343,33.65119362,5.239929144,0.410536943,3.397969838,1.841959306,0.262030718,28.69045719,0.775239795,70.63098927,360.1909294,0.038082114,-0.043791054
I-69FL1,17.87566721,0.506402009,291.3360154,8.309793195,1.821491406,36.76970418,38.01929347,36.76970418,37.99835332,391.5133158,366.3911235,34.72097905,44.25816854,51.85024261,66.09251149,499.6451314,1499.847453,1398.78125,99.51982371,21.60496902,0.228505492,0.832741886,0.008309793,309.9197042,311.1692935,239.9755871,-1.286012605,6.226056535,62.56096829,18.30279975,37.39449883,6.441916055,0.429769206,4.404565129,2.037350926,0.274578771,28.99370888,0.795150308,73.77035749,357.8938874,0.036845961,0.402473044
I-69FL2,19.70295455,0.609633866,291.8078213,9.298860204,1.743935953,36.89400482,38.33067067,36.89400482,38.30878576,390.1797078,362.4761759,34.80533091,45.46252823,51.10911179,66.75843557,499.7248027,1500.875326,1125.662313,99.52278392,21.60496902,0.228505492,0.832874671,0.00929886,310.0440048,311.4806707,240.1400467,-1.763464547,6.268493325,62.98551023,17.52298201,37.61233775,6.518689113,0.501894836,4.524557372,1.994131741,0.321860984,29.04152673,0.805039984,75.782718,353.110335,0.042285468,0.700165738
I-69FL3,14.65360692,0.413794891,304.7880778,6.597929638,1.752058574,33.33876546,34.56904856,33.33876546,34.61832174,398.9126485,378.3180847,26.25423368,33.9088122,47.69153341,61.59628296,499.6383464,1499.712362,1000.110555,100.1808395,25.79377937,0.296031803,0.832730577,0.00659793,306.4887655,307.7190486,239.9539725,-0.41758532,5.149071848,51.39777098,17.48895878,33.95390701,5.329288126,0.361171272,3.397013274,1.932274853,0.229935529,30.53392551,0.80563972,68.97736867,371.3524618,0.027218546,0.238216076
I-69FL4,16.42924513,0.450123891,300.9269834,6.819205988,1.683032737,33.25371043,34.55956777,33.25371043,34.61164983,399.3904317,376.5774129,26.44668897,34.35428874,48.06506475,62.4365921,499.6411235,1499.099487,1193.230591,100.1779683,25.79377937,0.296031803,0.832735206,0.006819206,306.4037104,307.7095678,239.8559126,-0.522112291,5.124575587,51.15471667,16.80042793,33.9066391,5.315248251,0.388541785,3.44154285,1.873705401,0.247710241,30.14625382,0.799110571,70.38459911,368.7677366,0.031357562,0.086702993
I-72FL1,19.73362441,0.56719709,286.2704808,9.619648913,1.912985304,37.4662234,39.03843562,37.4662234,39.09622701,389.6287842,361.7524821,34.73402405,45.75732168,49.09679413,64.67830404,499.6406555,1500.099447,1422.358683,99.5277125,21.60496902,0.228505492,0.832734426,0.009619649,310.6162234,312.1884356,240.0159061,-1.906259776,6.467106864,64.97795136,19.22062969,38.25232951,6.748853569,0.472775304,4.554121559,2.19473201,0.30272892,28.49184614,0.791343503,73.89882688,352.3720622,0.041384994,-0.058403137
I-72FL2,18.07298355,0.482198349,286.2311319,8.758197604,1.99933742,37.36460241,39.0079244,37.36460241,39.09433238,391.3187866,365.769694,34.48094686,44.52960205,48.82105255,63.04878998,499.6607971,1499.563314,1293.07548,99.53162638,21.60496902,0.228505492,0.832767995,0.008758198,310.5146024,312.1579244,239.9301248,-1.454612452,6.431441134,64.61706061,20.08745856,38.1862634,6.72477193,0.412209647,4.432103714,2.292668216,0.263120939,28.48905007,0.782544707,71.8911611,357.1786632,0.036376408,-0.13998802
I-72FL3,18.27294341,0.501521494,298.98513,7.245116126,1.627502767,33.6421051,34.92596563,33.6421051,34.99767939,400.2741496,375.063914,27.64692116,36.03503545,49.23323441,64.17066447,499.5667318,1501.320557,1415.873576,100.1737264,25.79377937,0.296031803,0.83261122,0.007245116,306.7921051,308.0759656,240.2112837,-0.740041247,5.23726655,52.28183814,16.24680269,34.28403536,5.428247704,0.426249172,3.609763783,1.818483922,0.272280215,29.95045462,0.797157804,72.36844838,366.3778318,0.036093466,-0.803068875
I-72FL4,18.38149318,0.522144489,301.653616,7.393511166,1.604924464,33.63510259,34.92343394,33.63510259,35.00271098,401.1441142,375.7282206,27.68111038,36.24006526,49.30088298,64.54463704,499.5168254,1501.48173,1416.425903,100.1734238,25.79377937,0.296031803,0.832528042,0.007393511,306.7851026,308.0734339,240.2370715,-0.81570334,5.235215878,52.26152488,16.02145962,34.27926826,5.426807423,0.441054892,3.630291415,1.796516008,0.281953793,30.21767551,0.802850564,72.90569356,366.9905391,0.03651635,0.496540352
L04-13FL1,20.09286923,0.589221788,288.1298985,9.823391439,1.89177847,37.58636347,39.20603943,37.58636347,39.28163401,391.006307,362.6047363,35.14397685,46.39140574,49.23585256,64.99322764,499.7232971,1500.89388,338.3206991,99.53815715,21.60496902,0.228505492,0.832872162,0.009823391,310.7363635,312.3560394,240.1430155,-2.001496761,6.509493505,65.39696627,19.00556052,38.39620145,6.801555061,0.487979405,4.617715035,2.183840026,0.31271099,28.67991912,0.794611511,74.50674947,353.0535486,0.042403039,0.694237071
L04-13FL2,18.0619129,0.518835644,289.6392923,9.408763237,2.01504532,37.8190333,39.41586049,37.8190333,39.47021739,390.8563843,365.0376892,35.20439529,45.98528926,48.76731364,63.70167542,499.5558268,1499.665731,1546.598551,99.53666941,21.60496902,0.228505492,0.832593045,0.009408763,310.9690333,312.5658605,239.9465116,-1.793304036,6.592267855,66.22954027,20.24425101,38.6174469,6.883295762,0.438689565,4.577222535,2.306073226,0.280407538,28.8297305,0.79345039,72.61844762,356.4519209,0.036796778,0.325165569
L04-13FL3,17.70743113,0.464887563,297.8130648,7.031134019,1.685631634,33.65340042,34.84335963,33.65340042,34.9078776,401.0496623,376.6028239,27.34388415,35.48860677,48.91590627,63.48612976,499.583018,1499.576742,1337.014364,100.1714223,25.79377937,0.296031803,0.832638363,0.007031134,306.8034004,307.9933596,239.9322733,-0.646661716,5.24057585,52.31607706,16.82747029,34.24838003,5.417483241,0.399493068,3.554944216,1.862539025,0.254836189,29.83235828,0.790788239,71.09032415,368.1855592,0.034190015,1.127005395
L04-13FL4,17.5866163,0.376127142,281.0658616,7.143062705,2.055516887,34.9236056,35.88885117,34.9236056,35.90069199,399.809845,375.4692383,27.35577138,35.62826029,46.19234212,60.16108195,499.624766,1498.86967,1432.059367,100.1733754,26.17510986,0.269793123,0.832707943,0.007143063,308.0736056,309.0388512,239.8191418,-0.735746439,5.624519982,56.14785322,20.51959293,35.40622838,5.776683687,0.332137772,3.569003095,2.207680593,0.211135723,28.15531608,0.748572296,66.17623112,367.1094032,0.031702169,1.237563777
L04-17FL1,19.46471667,0.574838314,286.0777366,11.21364569,2.195166745,39.01856359,40.74039205,39.01856359,40.81878153,389.7431335,361.5033671,35.80687205,48.6170133,46.20866903,62.74012248,499.6887105,1500.519246,180.2293142,99.5227534,21.60496902,0.228505492,0.832814518,0.011213646,312.1685636,313.890392,240.0830741,-2.690924604,7.033665771,70.67394672,22.05693342,39.87947782,7.366052265,0.478072303,4.838499026,2.527553239,0.306204823,28.47124404,0.791355647,72.39787297,352.250773,0.040005697,0.315918095
L04-17FL2,20.52924709,0.516732926,275.4651244,10.53777047,2.256444012,39.03679276,40.80946223,39.03679276,40.89661916,390.1520691,360.9372152,36.02524312,48.06914266,46.32162857,61.80779775,499.7332052,1500.906698,1567.940633,99.52585602,21.60496902,0.228505492,0.832888675,0.01053777,312.1867928,313.9594622,240.1450662,-2.336030382,7.040566582,70.7410804,22.67193774,39.92312749,7.383261376,0.43718557,4.78412257,2.599138805,0.279424422,27.41590229,0.763193988,71.17184157,351.1785943,0.041605701,-0.48831161
L04-17FL3,20.24115061,0.510870809,286.510094,8.570542766,1.891423958,34.73660405,35.5363884,34.73660405,35.44557571,397.9476013,369.8347982,26.77231661,36.68664042,46.09423828,63.16385651,499.6478373,1500.812337,952.6114299,100.1749039,26.17510986,0.269793123,0.832746396,0.008570543,307.8866041,308.6863884,240.1299686,-1.492822392,5.566504636,55.56785603,18.88121561,35.13649623,5.691206242,0.432982814,3.675080678,2.016125564,0.276678004,28.70112113,0.774697514,69.80902684,360.2131246,0.039227178,1.124427348
L04-17FL4,19.6164402,0.459161797,282.4583982,8.089017205,1.955765541,34.81152471,35.57777786,34.81152471,35.51254018,397.9171855,370.7612203,26.91469638,36.27536901,46.23419571,62.31400426,499.6810201,1499.353149,1503.26652,100.1759542,26.17510986,0.269793123,0.8328017,0.008089017,307.9615247,308.7277779,239.8964985,-1.252122638,5.589685245,55.79867235,19.52330334,35.19465129,5.709541893,0.395255886,3.633919703,2.07562219,0.25207825,28.29553955,0.761833731,68.42715828,361.4365041,0.037137767,0.442884032
N♂FL1,18.41957459,0.608166827,292.3518394,11.34694772,2.121423905,38.77682877,40.45991516,38.77682877,40.54189555,388.2817078,361.2410177,35.47463862,48.44023005,46.47173691,63.45664469,499.6593831,1500.280273,1523.395386,99.53056335,21.60496902,0.228505492,0.832765639,0.011346948,311.9268288,313.6099152,240.0448384,-2.767219802,6.942707291,69.75452622,21.31429617,39.61837196,7.263834134,0.500902005,4.821283386,2.442550748,0.321207574,29.09794327,0.809298565,73.25244966,352.4852341,0.03827902,0.73329157
N♂FL2,17.60675738,0.617603403,297.7693214,11.48708856,2.119965441,38.83995946,40.5926946,38.83995946,40.68551763,389.7008667,363.5487467,35.57478968,48.6944224,46.27297338,63.33799235,499.7577515,1499.899536,1353.098633,99.52674357,21.60496902,0.228505492,0.832929586,0.011487089,311.9899595,313.7426946,239.9839204,-2.828551912,6.966362735,69.99488263,21.30046022,39.71632703,7.302036671,0.507285296,4.846397294,2.455639377,0.325408836,29.63601092,0.819062971,73.42730046,355.1793375,0.036398975,-0.200773397
N♂FL3,18.81235649,0.453749515,287.6214553,7.889673502,1.928418076,34.54045741,35.43675232,34.54045741,35.3935318,399.6149902,373.4866943,26.58170001,35.71724955,46.01607641,61.83079656,499.6661987,1499.059611,627.3228963,100.1699092,26.17510986,0.269793123,0.832776998,0.007889674,307.6904574,308.5867523,239.8495324,-1.131447348,5.506211719,54.96872029,19.25147074,34.98860486,5.644808069,0.391240204,3.577793643,2.067014427,0.249465346,28.81101505,0.770098271,68.36783548,364.544201,0.035281348,0.230397965
N♂FL4,18.05611832,0.523026292,299.6698569,8.599613152,1.861024188,34.58327738,35.39824168,34.58327738,35.34453583,399.4145813,373.8735453,26.57143211,36.52013016,46.09725444,63.35667928,499.6966756,1498.875285,1493.990641,100.1721878,26.17510986,0.269793123,0.832827793,0.008599613,307.7332774,308.5482417,239.8200402,-1.509689209,5.519325514,55.09838249,18.57825234,34.99075953,5.645481725,0.441682803,3.658301326,1.987180399,0.282364467,30.01858509,0.801527361,70.15857878,365.2905314,0.034679022,0.366704673
RASPCTEFL1,15.06234168,0.287946553,244.182539,7.395838309,2.648185685,39.44010544,40.83366648,39.44010544,40.90332794,369.5670878,348.3817444,37.22593943,45.70279185,47.78255463,58.66329447,499.5599162,1500.531535,1705.972778,99.48120626,22.17074585,0.244342014,0.83259986,0.007395838,312.5901054,313.9836665,240.0850402,-0.784751305,7.194754552,72.32275143,26.61995958,40.13688596,7.468040934,0.261437975,4.546568867,2.921472067,0.1655901,24.29157358,0.700905442,64.48527203,341.2218285,0.028465358,-0.068974871
RASPCTEFL2,16.36054012,0.368424714,260.2868637,8.595781136,2.465878673,39.34858449,40.79435476,39.34858449,40.83276113,375.208547,351.9274292,37.34567006,47.18168767,48.03584162,60.68740972,499.6056824,1500.581665,1874.314535,99.47996521,22.17074585,0.244342014,0.832676137,0.008595781,312.4985845,313.9443548,240.093061,-1.391202057,7.159511318,71.96937899,24.78769132,40.07146962,7.442006772,0.326117842,4.693632645,2.748374128,0.207244649,25.8933281,0.739603807,67.58163001,344.150412,0.032127567,-0.355824143
RASPCTEFL3,20.0133531,0.450281793,283.2187083,6.882784156,1.699051187,33.11910248,34.35250854,33.11910248,34.36841965,400.2223206,373.102417,25.8223877,33.80905533,47.47438049,62.15784454,499.5888672,1499.961182,1387.322144,100.1791916,25.79377937,0.296031803,0.832648112,0.006882784,306.2691025,307.5025085,239.9937837,-0.564329545,5.086015018,50.76917609,16.96012076,33.73580551,5.264773808,0.388659809,3.386963831,1.877809976,0.247786965,28.37262124,0.759091057,69.89215663,363.5890274,0.038471359,0.045977826
RASPCTEFL4,16.37391638,0.366376147,259.8223661,8.564408979,2.469084412,39.34763336,40.79488373,39.34763336,40.83324432,375.2154236,351.9315186,37.3452301,47.14569473,48.03402328,60.63953018,499.6069641,1500.589478,1873.78125,99.48016357,22.17074585,0.244342014,0.832678274,0.008564409,312.4976334,313.9448837,240.094311,-1.374900894,7.159145836,71.96556156,24.81986683,40.07125854,7.441922895,0.324512226,4.690061424,2.751861471,0.206207213,25.84717148,0.738275353,67.5177961,344.1481429,0.032123688,-0.035430355
TRIPLOFL1,16.80627258,0.448361335,280.4392564,9.387585343,2.267947322,39.19779332,40.94524384,39.19779332,41.01834106,384.9619548,360.7151794,37.84813944,48.57302856,48.3114802,62.00133006,499.6750895,1504.335246,294.1106567,99.51661174,22.17074585,0.244342014,0.832791816,0.009387585,312.3477933,314.0952438,240.6936339,-1.743614327,7.101770552,71.36266426,22.78963569,40.07151858,7.442026226,0.387225771,4.83382323,2.608202997,0.246854627,27.90836464,0.77745353,70.65975612,352.7262824,0.033667087,-0.092709207
TRIPLOFL2,18.66698985,0.501684841,278.7381499,9.665789683,2.121799966,38.89117559,40.81837463,38.89117559,40.93735631,385.1679179,358.588033,37.83314133,48.87361781,48.61938604,62.80751038,499.6190084,1499.05127,319.6391195,99.51800791,22.17074585,0.244342014,0.832698347,0.00966579,312.0411756,313.9683746,239.8481978,-1.869708424,6.985605051,70.19438188,21.32076407,39.85477511,7.356328535,0.426365387,4.863805085,2.49252345,0.272356233,27.73946542,0.777321406,72.55197674,349.7146401,0.038726639,-0.616863492
TRIPLOFL3,18.14117852,0.49476483,294.0898168,8.214874981,1.859234099,35.28337097,36.12875621,35.28337097,36.02394485,397.1200358,371.6712341,29.23555311,38.71750895,48.7186381,64.51953888,499.6953023,1498.816732,115.5043666,100.1711934,26.17510986,0.269793123,0.832825504,0.008214875,308.433371,309.2787562,239.8106717,-1.304798068,5.737613171,57.27807541,18.56056646,35.70606359,5.873007921,0.421357105,3.878379071,1.994628849,0.269087274,29.45932785,0.791263341,71.01196196,363.0477867,0.035484054,-0.838172135
TRIPLOFL4,18.82502251,0.499522524,292.0374381,8.231276649,1.847771712,35.26877594,36.18879064,35.26877594,36.06944656,397.7709452,371.4844259,29.28279495,38.78701782,48.6351738,64.42053731,499.4836833,1498.743693,159.9146678,100.1679306,26.17510986,0.269793123,0.832472805,0.008231277,308.4187759,309.3387906,239.7989855,-1.30231372,5.732987021,57.23375722,18.44673939,35.72878329,5.880363333,0.424801089,3.885215309,1.995148024,0.271335146,29.25278583,0.786136486,71.20806423,362.5359117,0.036975466,-0.697134231
丹红杨FL1,18.90971908,0.612229525,294.271463,9.501548099,1.774901087,37.06147893,38.58226267,37.06147893,38.5882136,389.3136495,362.4717204,34.84291967,45.73042933,50.47310257,66.24463654,499.675588,1500.717814,1187.191243,99.5216039,21.60496902,0.228505492,0.832792647,0.009501548,310.2114789,311.7322627,240.1148449,-1.854311017,6.326066762,63.56475895,17.83432962,37.8218708,6.593282944,0.503653988,4.551165675,2.042117269,0.32301853,29.28636799,0.811846709,75.58449421,353.4829456,0.040434229,-0.24395004
丹红杨FL4,18.05667164,0.44684886,291.2899955,6.793001311,1.686394854,33.41365433,34.69278463,33.41365433,34.75566991,398.5661926,373.8348083,26.90817261,34.78135173,48.54342906,62.74696096,499.6759847,1498.496257,1231.797892,100.178098,25.79377937,0.296031803,0.832793308,0.006793001,306.5636543,307.8427846,239.7593957,-0.51322875,5.17072452,51.61531932,16.83396759,34.05321948,5.358891788,0.386098758,3.484329666,1.874562122,0.246121705,29.18087777,0.779194521,70.54730901,365.2515314,0.034875934,1.673098206
汉白杨FL1,18.01536121,0.37011099,265.981615,8.29880888,2.379349581,38.4909579,39.98083878,38.4909579,40.04899089,390.4073283,365.1375936,35.26482773,44.7830925,47.39072673,60.18186951,499.7021586,1499.476644,1427.505168,99.52662913,21.60496902,0.228505492,0.832836931,0.008298809,311.6409579,313.1308388,239.9162577,-1.237813308,6.836459822,68.6897555,23.90666301,39.23589834,7.116323401,0.327438787,4.457110241,2.659213161,0.20809821,26.47225358,0.728442155,67.35683339,356.5739537,0.034031024,-1.006537791
汉白杨FL2,15.74951874,0.413920368,283.6520006,9.178379565,2.382401999,38.78101095,40.24022929,38.78101095,40.32273992,388.0133362,365.0731405,35.31770452,45.83601507,46.80878448,60.74936549,499.567627,1498.979777,1325.775269,99.52589162,21.60496902,0.228505492,0.832612712,0.00917838,311.9310109,313.3902293,239.836759,-1.692989572,6.94427227,69.77352481,23.93750974,39.51062012,7.222011122,0.361266817,4.561870271,2.660140851,0.229997494,28.23071828,0.776973078,68.21963406,357.5865735,0.030046618,-0.953225762
汉白杨FL3,19.41548302,0.313434573,255.3655771,6.315133125,2.140867338,34.67046611,35.57291031,34.67046611,35.54080963,401.1283976,374.9719849,26.67026011,33.99534607,45.82293193,58.40837733,499.6896769,1500.146851,1553.300903,100.1679331,26.17510986,0.269793123,0.832816128,0.006315133,307.8204661,308.7229103,240.0234907,-0.316531508,5.546110891,55.36812747,21.3727814,35.12168821,5.686545614,0.282278351,3.405243553,2.281302061,0.178981438,25.57944207,0.681025979,63.60941442,365.7427941,0.033767155,-0.649624983
汉白杨FL4,19.09538999,0.329307827,261.5367994,6.506453136,2.109932908,34.6183815,35.48219935,34.6183815,35.44943237,400.4414063,374.581899,26.59732564,34.1444308,45.92668788,58.95858637,499.6055603,1499.573771,1130.230794,100.1675313,26.17510986,0.269793123,0.832675934,0.006506453,307.7683815,308.6321994,239.931798,-0.422038169,5.53009625,55.20847101,21.06404021,35.05029043,5.664120647,0.295090347,3.420163341,2.243957306,0.187228025,26.19749554,0.698209923,64.21180818,365.5048651,0.033546737,-0.763826128
加拿大杨FL1,17.52642041,0.561317518,301.9041108,8.051441029,1.622404871,35.79786809,37.16039276,35.79786809,37.18678919,393.9482422,369.3269755,33.75106049,43.00525665,52.81665421,67.29844411,499.5690206,1500.300252,1268.273275,99.53140513,22.57319069,0.181974769,0.832615034,0.008051441,308.9478681,310.3103928,240.048035,-1.138822051,5.902778503,59.30568842,16.30043177,36.47913043,6.127825205,0.468679276,4.280373632,1.847451573,0.300042731,30.04894048,0.817443883,75.81305037,360.9957546,0.036807321,0.016878543
加拿大杨FL2,17.48856717,0.575373028,302.4994231,7.875402634,1.555227379,35.5619723,37.07183711,35.5619723,37.09955088,392.6737061,368.1879781,33.86261241,42.91488266,53.24700419,67.48117574,499.5937602,1499.64624,233.5556285,99.52998098,22.57319069,0.181974769,0.832656267,0.007875403,308.7119723,310.2218371,239.9433931,-1.028160902,5.826544832,58.54060028,15.62571762,36.3169047,6.073570881,0.478439786,4.271317454,1.802253427,0.306446222,30.10776182,0.821589681,76.61843454,359.8747509,0.037233716,-0.147002649
加拿大杨FL3,16.97925836,0.56053872,307.9123713,7.164197138,1.470722813,32.16857147,33.31926727,32.16857147,33.29465739,396.2979635,372.7038981,25.12311681,33.43790436,48.93721771,65.13355764,499.6862284,1501.120524,1302.185221,100.189003,25.79377937,0.296031803,0.832810381,0.007164197,305.3185715,306.4692673,240.1792785,-0.722193238,4.820833112,48.11738782,14.67948346,32.74391937,4.979867212,0.468140429,3.350110299,1.629756913,0.299689054,30.84943348,0.826158174,73.43804086,364.6327719,0.034196692,-0.564271889
加拿大杨FL4,17.84197481,0.55398186,301.6635141,7.279299855,1.508454217,32.38918432,33.54129918,32.38918432,33.52483368,394.7034403,370.04245,25.21782557,33.6651624,48.5138588,64.76477814,499.6301676,1498.940389,1084.301473,100.1875102,25.79377937,0.296031803,0.832716946,0.0072793,305.5391843,306.6912992,239.8304569,-0.785013486,4.88128302,48.72147248,15.05631007,32.96524175,5.042248604,0.463557398,3.372828803,1.669419801,0.296684711,30.22291641,0.815213296,73.03028237,361.5612296,0.036038264,-0.551059046
巨霸杨FL1,20.19817441,0.599205504,287.0380576,9.920203857,1.884590091,37.48641459,39.09111532,37.48641459,39.18733978,389.3993632,360.8461202,34.74847666,46.11168925,48.98074595,64.99810028,499.6526998,1498.70992,1428.437907,99.53275808,21.60496902,0.228505492,0.8327545,0.009920204,310.6364146,312.2411153,239.7935819,-2.058077906,6.474213702,65.04605948,18.93437023,38.28876495,6.762166553,0.494806961,4.589623611,2.172542943,0.317198689,28.56968954,0.79545833,74.54784774,351.2448754,0.042868387,0.896713884
巨霸杨FL2,20.78828461,0.662246669,288.9820655,10.49441552,1.835729445,37.59529495,39.23420588,37.59529495,39.32342021,388.5768433,359.0915019,34.98020045,46.98878225,48.9296697,65.72705841,499.707428,1499.456624,1335.092163,99.53279368,21.60496902,0.228505492,0.832845713,0.010494416,310.745295,312.3842059,239.9130545,-2.345607516,6.512654212,65.43224571,18.44346346,38.41475042,6.808375611,0.53702094,4.676924768,2.131450844,0.345016323,28.76319229,0.804758854,75.78150034,349.209747,0.045112355,0.381691968
巨霸杨FL3,20.05694544,0.479585069,289.1661125,7.007020438,1.635258981,33.64871216,34.95927429,33.64871216,35.01106644,401.8761597,374.6392517,27.86559486,35.97700246,49.53106054,63.94907633,499.6613363,1498.771525,1404.525187,100.1735229,25.79377937,0.296031803,0.832768894,0.00700702,306.7987122,308.1092743,239.8034387,-0.617952062,5.239202064,52.30126594,16.32426348,34.30399323,5.434281171,0.410296831,3.603943083,1.830338089,0.261874188,28.96678822,0.771852224,72.06412437,365.1051404,0.039588215,0.229020196
巨霸杨FL4,19.29258455,0.453258418,290.3986808,6.726710185,1.648046171,33.6357282,34.91871262,33.6357282,34.93977356,403.0255127,376.8165792,28.02338346,35.81116231,49.9239006,63.79790243,499.691925,1499.21167,1357.773193,100.1741536,25.79377937,0.296031803,0.832819875,0.00672671,306.7857282,308.0687126,239.8738618,-0.476532208,5.235399058,52.26297271,16.4518104,34.27722041,5.42618881,0.390872899,3.587352887,1.838835923,0.249226592,29.09044228,0.770663227,71.60300605,367.6458085,0.037574358,0.605084293
